Workbook

Sheet GPS Data
A1: Perth SC – Senior Women
A2: Strength & Conditioning
A4: Session Type | B4: Training | D4: Date | E4: 23/06/2026 | J4: Round (Game)
A6: Player Name | B6: Total Distance | C6: High Speed Running | D6: Max Speed | E6: Accelerations | F6: Decelerations | G6: HMLD | H6: Position | I6: Detail
A7: A. Zindell | B7: 5774.12 | C7: 0 | D7: 19.58 | E7: 14 | F7: 14 | G7: 411.35 | H7: Midfielders | I7: Back injury
A8: C. Wainwright | B8: 7291.53 | C8: 68.36 | D8: 22.78 | E8: 36 | F8: 40 | G8: 856.36 | H8: Midfielders
A9: D. Schroeder | B9: 4313.48 | C9: 12.03 | D9: 22.26 | E9: 52 | F9: 38 | G9: 252.24 | H9: Goalkeeper
A10: D. McAllister | B10: 5911.91 | C10: 76.06 | D10: 23.35 | E10: 28 | F10: 17 | G10: 544.71 | H10: Midfielders
A11: E. Ingrey | B11: 4101.67 | C11: 0.55 | D11: 19.86 | E11: 74 | F11: 58 | G11: 245.71 | H11: Goalkeeper
A12: E. Lincoln | B12: 6950.08 | C12: 85.21 | D12: 24.55 | E12: 52 | F12: 37 | G12: 478.01 | H12: Attackers (8
A13: E. Nossent | B13: 5939.23 | C13: 30.93 | D13: 21.64 | E13: 9 | F13: 9 | G13: 332.93 | H13: Defenders
A14: G. Warburton | B14: 6476.03 | C14: 40.49 | D14: 20.82 | E14: 23 | F14: 14 | G14: 403.01 | H14: Midfielders
A15: J. Flannery | B15: 6997.18 | C15: 80.77 | D15: 25.01 | E15: 51 | F15: 48 | G15: 990.76 | H15: Attackers (8
A16: K. Mccartney | B16: 5992.87 | C16: 29.96 | D16: 26.23 | E16: 17 | F16: 13 | G16: 311.58 | H16: Defenders
A17: L. Continibali | B17: 6066.98 | C17: 20.23 | D17: 20.52 | E17: 15 | F17: 14 | G17: 388.21 | H17: Attackers (8
A18: L. Tana | B18: 6342.21 | C18: 29.97 | D18: 23.32 | E18: 12 | F18: 15 | G18: 635.58 | H18: Defenders
A19: M. Boehm | B19: 6563.66 | C19: 87.26 | D19: 25.29 | E19: 39 | F19: 50 | G19: 792.35 | H19: Midfielders
... A23: X. Dalton | B23: 6004.46 | C23: 39.59 | D23: 20.99 | E23: 25 | F23: 22 | G23: 646.2 | H23: Attackers (8

Sheet Position Groups
A1: Position Group | B1: Player Name
A2: Attackers (8, 9 & 10) | B2: C. Wainwright
A3: Attackers (8, 9 & 10) | B3: D. Schroeder
A4: Attackers (8, 9 & 10) | B4: D. McAllister
A5: Attackers (8, 9 & 10) | B5: E. Ingrey
A6: Attackers (8, 9 & 10) | B6: E. Lincoln
A7: Attackers (8, 9 & 10) | B7: E. Nossent
A8: Attackers (8, 9 & 10) | B8: G. Warburton
A9: Attackers (8, 9 & 10) | B9: J. Flannery
A10: Attackers (8, 9 & 10) | B10: K. Mccartney
A11: Attackers (8, 9 & 10) | B11: L. Continibali
A12: Attackers (8, 9 & 10) | B12: L. Tana
... A46: Defenders | B46: T. Attree

Sheet Dashboard - Comparisons
A1: Perth SC – Senior Women
A2: GPS Position Comparisons Dashboard
A3: Compare players by soccer role groups: Attackers, Midfielders, and Defenders. Update GPS Data and this dashboard will refresh.
A5: Training session | J5: Group Summary | K5: Value
A6: Player Name | B6: Total Distance | C6: High Speed Running | D6: Max Speed | E6: Accelerations | F6: Decelerations | G6: HMLD | H6: HMLD Rank | J6: Players | K6: 16
A7: Charli | B7: =IFERROR(VLOOKUP($A7,'GPS Data'!$A$7:$G$23,2,FALSE),"") | C7: =IFERROR(VLOOKUP($A7,'GPS Data'!$A$7:$G$23,3,FALSE),"") | D7: =IFERROR(VLOOKUP($A7,'GPS Data'!$A$7:$G$23,4,FALSE),"") | E7: =IFERROR(VLOOKUP($A7,'GPS Data'!$A$7:$G$23,5,FALSE),"") | F7: =IFERROR(VLOOKUP($A7,'GPS Data'!$A$7:$G$23,6,FALSE),"") | G7: =IFERROR(VLOOKUP($A7,'GPS Data'!$A$7:$G$23,7,FALSE),"") | H7: =IFERROR(_xludf.RANK.EQ(G7,$G$7:$G$22,0),"") | J7: Avg Total Distance | K7: =AVERAGE(B7:B22)
A8: Dale | B8: =IFERROR(VLOOKUP($A8,'GPS Data'!$A$7:$G$23,2,FALSE),"") | C8: =IFERROR(VLOOKUP($A8,'GPS Data'!$A$7:$G$23,3,FALSE),"") | D8: =IFERROR(VLOOKUP($A8,'GPS Data'!$A$7:$G$23,4,FALSE),"") | E8: =IFERROR(VLOOKUP($A8,'GPS Data'!$A$7:$G$23,5,FALSE),"") | F8: =IFERROR(VLOOKUP($A8,'GPS Data'!$A$7:$G$23,6,FALSE),"") | G8: =IFERROR(VLOOKUP($A8,'GPS Data'!$A$7:$G$23,7,FALSE),"") | H8: =IFERROR(_xludf.RANK.EQ(G8,$G$7:$G$22,0),"") | J8: Avg HSR | K8: =AVERAGE(C7:C22)
A9: Daisy | B9: =IFERROR(VLOOKUP($A9,'GPS Data'!$A$7:$G$23,2,FALSE),"") | C9: =IFERROR(VLOOKUP($A9,'GPS Data'!$A$7:$G$23,3,FALSE),"") | D9: =IFERROR(VLOOKUP($A9,'GPS Data'!$A$7:$G$23,4,FALSE),"") | E9: =IFERROR(VLOOKUP($A9,'GPS Data'!$A$7:$G$23,5,FALSE),"") | F9: =IFERROR(VLOOKUP($A9,'GPS Data'!$A$7:$G$23,6,FALSE),"") | G9: =IFERROR(VLOOKUP($A9,'GPS Data'!$A$7:$G$23,7,FALSE),"") | H9: =IFERROR(_xludf.RANK.EQ(G9,$G$7:$G$22,0),"") | J9: Avg Max Speed | K9: =AVERAGE(D7:D22)
A10: Emme | B10: =IFERROR(VLOOKUP($A10,'GPS Data'!$A$7:$G$23,2,FALSE),"") | C10: =IFERROR(VLOOKUP($A10,'GPS Data'!$A$7:$G$23,3,FALSE),"") | D10: =IFERROR(VLOOKUP($A10,'GPS Data'!$A$7:$G$23,4,FALSE),"") | E10: =IFERROR(VLOOKUP($A10,'GPS Data'!$A$7:$G$23,5,FALSE),"") | F10: =IFERROR(VLOOKUP($A10,'GPS Data'!$A$7:$G$23,6,FALSE),"") | G10: =IFERROR(VLOOKUP($A10,'GPS Data'!$A$7:$G$23,7,FALSE),"") | H10: =IFERROR(_xludf.RANK.EQ(G10,$G$7:$G$22,0),"") | J10: Avg HMLD | K10: =AVERAGE(G7:G22)
A11: Ella | B11: =IFERROR(VLOOKUP($A11,'GPS Data'!$A$7:$G$23,2,FALSE),"") | C11: =IFERROR(VLOOKUP($A11,'GPS Data'!$A$7:$G$23,3,FALSE),"") | D11: =IFERROR(VLOOKUP($A11,'GPS Data'!$A$7:$G$23,4,FALSE),"") | E11: =IFERROR(VLOOKUP($A11,'GPS Data'!$A$7:$G$23,5,FALSE),"") | F11: =IFERROR(VLOOKUP($A11,'GPS Data'!$A$7:$G$23,6,FALSE),"") | G11: =IFERROR(VLOOKUP($A11,'GPS Data'!$A$7:$G$23,7,FALSE),"") | H11: =IFERROR(_xludf.RANK.EQ(G11,$G$7:$G$22,0),"") | J11: Highest HMLD | K11: =MAX(G7:G22)
A12: Epril | B12: =IFERROR(VLOOKUP($A12,'GPS Data'!$A$7:$G$23,2,FALSE),"") | C12: =IFERROR(VLOOKUP($A12,'GPS Data'!$A$7:$G$23,3,FALSE),"") | D12: =IFERROR(VLOOKUP($A12,'GPS Data'!$A$7:$G$23,4,FALSE),"") | E12: =IFERROR(VLOOKUP($A12,'GPS Data'!$A$7:$G$23,5,FALSE),"") | F12: =IFERROR(VLOOKUP($A12,'GPS Data'!$A$7:$G$23,6,FALSE),"") | G12: =IFERROR(VLOOKUP($A12,'GPS Data'!$A$7:$G$23,7,FALSE),"") | H12: =IFERROR(_xludf.RANK.EQ(G12,$G$7:$G$22,0),"")
A13: Grace | B13: =IFERROR(VLOOKUP($A13,'GPS Data'!$A$7:$G$23,2,FALSE),"") | C13: =IFERROR(VLOOKUP($A13,'GPS Data'!$A$7:$G$23,3,FALSE),"") | D13: =IFERROR(VLOOKUP($A13,'GPS Data'!$A$7:$G$23,4,FALSE),"") | E13: =IFERROR(VLOOKUP($A13,'GPS Data'!$A$7:$G$23,5,FALSE),"") | F13: =IFERROR(VLOOKUP($A13,'GPS Data'!$A$7:$G$23,6,FALSE),"") | G13: =IFERROR(VLOOKUP($A13,'GPS Data'!$A$7:$G$23,7,FALSE),"") | H13: =IFERROR(_xludf.RANK.EQ(G13,$G$7:$G$22,0),"")
A14: Jessica | B14: =IFERROR(VLOOKUP($A14,'GPS Data'!$A$7:$G$23,2,FALSE),"") | C14: =IFERROR(VLOOKUP($A14,'GPS Data'!$A$7:$G$23,3,FALSE),"") | D14: =IFERROR(VLOOKUP($A14,'GPS Data'!$A$7:$G$23,4,FALSE),"") | E14: =IFERROR(VLOOKUP($A14,'GPS Data'!$A$7:$G$23,5,FALSE),"") | F14: =IFERROR(VLOOKUP($A14,'GPS Data'!$A$7:$G$23,6,FALSE),"") | G14: =IFERROR(VLOOKUP($A14,'GPS Data'!$A$7:$G$23,7,FALSE),"") | H14: =IFERROR(_xludf.RANK.EQ(G14,$G$7:$G$22,0),"")
A15: Kim | B15: =IFERROR(VLOOKUP($A15,'GPS Data'!$A$7:$G$23,2,FALSE),"") | C15: =IFERROR(VLOOKUP($A15,'GPS Data'!$A$7:$G$23,3,FALSE),"") | D15: =IFERROR(VLOOKUP($A15,'GPS Data'!$A$7:$G$23,4,FALSE),"") | E15: =IFERROR(VLOOKUP($A15,'GPS Data'!$A$7:$G$23,5,FALSE),"") | F15: =IFERROR(VLOOKUP($A15,'GPS Data'!$A$7:$G$23,6,FALSE),"") | G15: =IFERROR(VLOOKUP($A15,'GPS Data'!$A$7:$G$23,7,FALSE),"") | H15: =IFERROR(_xludf.RANK.EQ(G15,$G$7:$G$22,0),"")
A16: Lauren | B16: =IFERROR(VLOOKUP($A16,'GPS Data'!$A$7:$G$23,2,FALSE),"") | C16: =IFERROR(VLOOKUP($A16,'GPS Data'!$A$7:$G$23,3,FALSE),"") | D16: =IFERROR(VLOOKUP($A16,'GPS Data'!$A$7:$G$23,4,FALSE),"") | E16: =IFERROR(VLOOKUP($A16,'GPS Data'!$A$7:$G$23,5,FALSE),"") | F16: =IFERROR(VLOOKUP($A16,'GPS Data'!$A$7:$G$23,6,FALSE),"") | G16: =IFERROR(VLOOKUP($A16,'GPS Data'!$A$7:$G$23,7,FALSE),"") | H16: =IFERROR(_xludf.RANK.EQ(G16,$G$7:$G$22,0),"")
A17: Louise | B17: =IFERROR(VLOOKUP($A17,'GPS Data'!$A$7:$G$23,2,FALSE),"") | C17: =IFERROR(VLOOKUP($A17,'GPS Data'!$A$7:$G$23,3,FALSE),"") | D17: =IFERROR(VLOOKUP($A17,'GPS Data'!$A$7:$G$23,4,FALSE),"") | E17: =IFERROR(VLOOKUP($A17,'GPS Data'!$A$7:$G$23,5,FALSE),"") | F17: =IFERROR(VLOOKUP($A17,'GPS Data'!$A$7:$G$23,6,FALSE),"") | G17: =IFERROR(VLOOKUP($A17,'GPS Data'!$A$7:$G$23,7,FALSE),"") | H17: =IFERROR(_xludf.RANK.EQ(G17,$G$7:$G$22,0),"")
A18: Macey | B18: =IFERROR(VLOOKUP($A18,'GPS Data'!$A$7:$G$23,2,FALSE),"") | C18: =IFERROR(VLOOKUP($A18,'GPS Data'!$A$7:$G$23,3,FALSE),"") | D18: =IFERROR(VLOOKUP($A18,'GPS Data'!$A$7:$G$23,4,FALSE),"") | E18: =IFERROR(VLOOKUP($A18,'GPS Data'!$A$7:$G$23,5,FALSE),"") | F18: =IFERROR(VLOOKUP($A18,'GPS Data'!$A$7:$G$23,6,FALSE),"") | G18: =IFERROR(VLOOKUP($A18,'GPS Data'!$A$7:$G$23,7,FALSE),"") | H18: =IFERROR(_xludf.RANK.EQ(G18,$G$7:$G$22,0),"")
A19: Ruby | B19: =IFERROR(VLOOKUP($A19,'GPS Data'!$A$7:$G$23,2,FALSE),"") | C19: =IFERROR(VLOOKUP($A19,'GPS Data'!$A$7:$G$23,3,FALSE),"") | D19: =IFERROR(VLOOKUP($A19,'GPS Data'!$A$7:$G$23,4,FALSE),"") | E19: =IFERROR(VLOOKUP($A19,'GPS Data'!$A$7:$G$23,5,FALSE),"") | F19: =IFERROR(VLOOKUP($A19,'GPS Data'!$A$7:$G$23,6,FALSE),"") | G19: =IFERROR(VLOOKUP($A19,'GPS Data'!$A$7:$G$23,7,FALSE),"") | H19: =IFERROR(_xludf.RANK.EQ(G19,$G$7:$G$22,0),"")
A20: Sam | B20: =IFERROR(VLOOKUP($A20,'GPS Data'!$A$7:$G$23,2,FALSE),"") | C20: =IFERROR(VLOOKUP($A20,'GPS Data'!$A$7:$G$23,3,FALSE),"") | D20: =IFERROR(VLOOKUP($A20,'GPS Data'!$A$7:$G$23,4,FALSE),"") | E20: =IFERROR(VLOOKUP($A20,'GPS Data'!$A$7:$G$23,5,FALSE),"") | F20: =IFERROR(VLOOKUP($A20,'GPS Data'!$A$7:$G$23,6,FALSE),"") | G20: =IFERROR(VLOOKUP($A20,'GPS Data'!$A$7:$G$23,7,FALSE),"") | H20: =IFERROR(_xludf.RANK.EQ(G20,$G$7:$G$22,0),"")
A21: Tristen | B21: =IFERROR(VLOOKUP($A21,'GPS Data'!$A$7:$G$23,2,FALSE),"") | C21: =IFERROR(VLOOKUP($A21,'GPS Data'!$A$7:$G$23,3,FALSE),"") | D21: =IFERROR(VLOOKUP($A21,'GPS Data'!$A$7:$G$23,4,FALSE),"") | E21: =IFERROR(VLOOKUP($A21,'GPS Data'!$A$7:$G$23,5,FALSE),"") | F21: =IFERROR(VLOOKUP($A21,'GPS Data'!$A$7:$G$23,6,FALSE),"") | G21: =IFERROR(VLOOKUP($A21,'GPS Data'!$A$7:$G$23,7,FALSE),"") | H21: =IFERROR(_xludf.RANK.EQ(G21,$G$7:$G$22,0),"")
A22: Xuri | B22: =IFERROR(VLOOKUP($A22,'GPS Data'!$A$7:$G$23,2,FALSE),"") | C22: =IFERROR(VLOOKUP($A22,'GPS Data'!$A$7:$G$23,3,FALSE),"") | D22: =IFERROR(VLOOKUP($A22,'GPS Data'!$A$7:$G$23,4,FALSE),"") | E22: =IFERROR(VLOOKUP($A22,'GPS Data'!$A$7:$G$23,5,FALSE),"") | F22: =IFERROR(VLOOKUP($A22,'GPS Data'!$A$7:$G$23,6,FALSE),"") | G22: =IFERROR(VLOOKUP($A22,'GPS Data'!$A$7:$G$23,7,FALSE),"") | H22: =IFERROR(_xludf.RANK.EQ(G22,$G$7:$G$22,0),"")

Sheet GPS Benchmarks
A1: Elite Women's Soccer GPS Benchmarks
A2: Reference values for 90-minute matches (approximate ranges from published literature).
A4: Metric | B4: Elite Benchmark | C4: Notes
A5: Total Distance | B5: 9–11 km | C5: Varies by position and style of play.
A6: High Speed Running (HSR) | B6: 700–1,200 m | C6: Depends on GPS speed thresholds.
A7: Max Speed | B7: 28–32 km/h | C7: Wide players and attackers often record higher values.
A8: Accelerations | B8: 40–70 | C8: Depends on tactical style and GPS settings.
A9: Decelerations | B9: 40–70 | C9: Closely linked to accelerations and transitions.
A10: HMLD | B10: 800–1,200 m | C10: High metabolic load distance; varies by system.

Sheet By Position
A1: Position | B1: Total Distance | C1: HSR | D1: Primary Focus
A2: Defender | B2: 9.0–10.0 km | C2: 600–900 m | D2: Recovery runs, positioning, transitions
A3: Midfielder | B3: 10.0–11.5 km | C3: 800–1,200 m | D3: Work rate, support attack & defence
A4: Attacker (8/9/10) | B4: 9.5–10.5 km | C4: 900–1,300 m | D4: Explosive runs, pressing, finishing

Sheet Dashboard Text
A1: Why compare by position?
A2: Players are compared within their own position because each role has different physical and tactical demands. This creates fairer comparisons and helps players understand the expectations of their specific role.
A4: Suggested dashboard:
A5: • Team Average
A6: • WA League Average
A7: • Elite Benchmark (Literature)

Sheet References
A1: Suggested References
A2: Datson et al. (2017) Match physical performance in elite female soccer.
A3: Bradley & Vescovi (2015) High-intensity running in elite women's soccer.
A4: UEFA Women's Champions League physical performance reports.
A5: FIFA Women's World Cup physical performance analyses.
